first_name,last_name,date_of_birth,email,phone,address_1,address_2,city,state,postal_code,country
Siana,Klementz,9/22/2003,sklementz0@archive.org,1869359709,6395 Elka Parkway,PO Box 87378,Burnside,SCT,EH52,United Kingdom
Corrianne,Sloley,11/16/2003,csloley1@ucla.edu,5894364622,61329 Steensland Place,Suite 28,Penápolis,,16300-000,Brazil
Morena,Perigo,10/17/2003,mperigo2@google.ru,1836920561,59 Corscot Plaza,Room 910,Puconci,,9201,Slovenia
Janenna,Eckery,12/31/2002,jeckery3@ibm.com,1269349930,0 Hazelcrest Point,PO Box 5888,Pirca,,,Peru
Hinze,Goode,2/9/2004,hgoode4@eepurl.com,2719933854,1 Lakeland Park,Suite 71,Şabāḩ as Sālim,,,Kuwait
Creigh,Martinovsky,6/7/2003,cmartinovsky5@icio.us,2721987149,48 Oak Valley Parkway,17th Floor,Wuxi,,,China
Howey,Worviell,10/29/2003,hworviell6@oakley.com,3707574609,3235 Sherman Point,Suite 62,Vetluga,,606860,Russia
Franni,Blacket,12/24/2002,fblacket7@ask.com,9242448413,456 Blue Bill Park Hill,Room 87,Rayevskiy,,452122,Russia
Hannah,Loxley,3/4/2003,hloxley8@altervista.org,7807256641,51776 Village Park,4th Floor,Saint-Nazaire,B5,44604,France
Artemus,Ollerton,12/3/2002,aollerton9@irs.gov,1178269744,716 Lawn Center,Room 431,Suchy Dąb,,83-022,Poland
Eleni,Gravenell,4/21/2003,egravenella@newyorker.com,9851945405,5516 Fulton Crossing,Suite 66,Voronezh,,394075,Russia
Cazzie,Claiden,1/3/2004,cclaidenb@forbes.com,8762711966,23 Crest Line Circle,Apt 1376,Chalon-sur-Saône,A1,71332,France
Meredithe,Larby,3/5/2003,mlarbyc@rediff.com,3574599969,354 Melody Road,Suite 90,Nanmo,,,China
Kata,Chevers,4/13/2003,kcheversd@wix.com,4833668495,779 Myrtle Hill,13th Floor,Zhuhong,,,China
Dianna,Emerson,2/7/2003,demersone@marriott.com,6572687987,28 Dawn Parkway,Room 996,Montélimar,B9,26209,France
Theresita,Marshalleck,7/2/2002,tmarshalleckf@cnn.com,1996501176,22 Sundown Junction,Room 710,Sim,,456022,Russia
Florella,De Blase,12/19/2002,fdeblaseg@google.ca,8514039432,99932 Arrowood Crossing,Room 1446,Borovo,,7119,Bulgaria
Dotti,Wildin,11/10/2002,dwildinh@phpbb.com,5756733030,010 Scofield Lane,10th Floor,Tantu,,,China
Perkin,O' Byrne,4/26/2003,pobyrnei@tinypic.com,9227759425,070 Delaware Road,2nd Floor,Kuzhu,,,China
Sidonia,Van der Daal,2/21/2003,svanderdaalj@weibo.com,2606276295,5 Lien Pass,PO Box 9899,Nuevo Arraiján,,,Panama
Chevy,Trevorrow,6/27/2002,ctrevorrowk@economist.com,3584136745,1080 Homewood Place,PO Box 32738,Seredeyskiy,,249295,Russia
Roland,Boobyer,2/11/2004,rboobyerl@mediafire.com,9636374961,5 6th Avenue,Room 798,Lalukoen Dua,,,Indonesia
Fancy,Ferraretto,8/15/2002,fferrarettom@themeforest.net,8335644339,1 Mesta Parkway,Room 800,Plumbangan,,,Indonesia
Gerti,Serchwell,8/4/2002,gserchwelln@wiley.com,6186287411,4072 David Park,Room 1167,Semalang,,,Indonesia
Elmore,Middlemiss,1/27/2003,emiddlemisso@homestead.com,2091218905,30 Crowley Court,Suite 63,Banpu,,,China
Eberto,Morling,9/1/2002,emorlingp@epa.gov,5827656848,6798 Roth Lane,Apt 1787,Pivka,,6257,Slovenia
Konstanze,Amaya,6/14/2003,kamayaq@msn.com,5482550925,137 Talisman Parkway,Room 111,Pañgobilian,,9217,Philippines
Doyle,Gilmore,12/27/2002,dgilmorer@marriott.com,1638156232,92 Melody Way,Room 1710,Bilohirs’k,,,Ukraine
Carmine,Daley,1/16/2003,cdaleys@slideshare.net,1439056498,21953 Elmside Parkway,3rd Floor,Sajia,,,China
Barnebas,Wand,4/22/2002,bwandt@statcounter.com,7662236878,70088 Waxwing Crossing,Room 1318,Guanagazapa,,22017,Guatemala
Burtie,Lyfield,12/7/2002,blyfieldu@ask.com,7464620958,0 Macpherson Plaza,Room 872,Tadianjie,,,China
Fabio,Clinnick,1/18/2003,fclinnickv@berkeley.edu,6925391655,31 High Crossing Street,Suite 65,Uyovu,,,Tanzania
Cull,Farrall,1/3/2004,cfarrallw@youtu.be,3986317885,01204 Vahlen Court,PO Box 27333,Jiaowei,,,China
Burty,Croose,5/16/2003,bcroosex@wunderground.com,9372746274,34847 Shopko Drive,Room 1318,Mucurapo,,,Trinidad and Tobago
Reeta,Missenden,1/5/2003,rmissendeny@engadget.com,1346700548,49 Mandrake Drive,Suite 83,Mbanza-Ngungu,,,Democratic Republic of the Congo
Loraine,Wermerling,6/13/2002,lwermerlingz@bing.com,9588516181,752 Coleman Circle,Room 265,Waihi Beach,,3642,New Zealand
Kerianne,Whimpenny,7/3/2002,kwhimpenny10@harvard.edu,7379709768,645 Thierer Center,17th Floor,Boleiros,14,2495-313,Portugal
Rea,Plewes,3/19/2003,rplewes11@wordpress.com,8136677693,75 Cherokee Circle,Suite 93,Dong’ao,,,China
Iolande,Kneller,10/16/2002,ikneller12@phoca.cz,1122250003,71489 Fuller Plaza,PO Box 59564,Mougins,B8,6254,France
Fleur,Herrema,10/7/2002,fherrema13@seesaa.net,9998210015,77131 Golf View Street,Suite 45,Jadranovo,,51264,Croatia
Town,Marsden,11/11/2002,tmarsden14@gmpg.org,4197965626,505 Grasskamp Pass,Apt 1658,Alejandro Roca,,2686,Argentina
Mariejeanne,Kruse,12/22/2003,mkruse15@sourceforge.net,8118142683,1 Lighthouse Bay Drive,Room 717,Barra do Piraí,,27000000,Brazil
Marnia,Phython,1/18/2003,mphython16@icio.us,2807291927,222 Lakeland Street,Room 1153,Āwash,,,Ethiopia
Rolando,Mynard,6/13/2002,rmynard17@oaic.gov.au,4507806313,5 Mitchell Terrace,Suite 47,Virovitica,,33000,Croatia
Shurwood,Prin,11/1/2002,sprin18@forbes.com,9542326215,92422 Maryland Circle,3rd Floor,El Porvenir,,,Honduras
Cissy,Deluce,1/1/2004,cdeluce19@clickbank.net,9086820960,748 Hallows Street,Room 543,Bungu,,,Tanzania
Morganica,Keppe,1/3/2004,mkeppe1a@un.org,9306854225,3506 Havey Point,6th Floor,Novo,3,4720-609,Portugal
Fallon,De'Vere - Hunt,9/27/2003,fdeverehunt1b@ucsd.edu,5805718450,55421 Green Ridge Plaza,PO Box 91059,Maurole,,,Indonesia
Maia,Rosekilly,10/6/2003,mrosekilly1c@github.io,2685664053,41781 Hoffman Court,PO Box 54729,Mandeman Daya,,,Indonesia
Laetitia,Muxworthy,6/21/2002,lmuxworthy1d@samsung.com,3325795740,78074 Lyons Alley,PO Box 77592,El Cerrito,,763528,Colombia
Pippy,Teal,9/16/2003,pteal1e@last.fm,9463148411,2 Manley Road,17th Floor,Quetta,,87301,Pakistan
Dottie,Heilds,9/27/2003,dheilds1f@whitehouse.gov,8391725011,55 Warrior Park,Suite 52,Orenburg,,460999,Russia
Nat,Robardet,11/27/2002,nrobardet1g@wix.com,1661226562,7 Melvin Park,Suite 80,Qingtang,,,China
Sherlock,Tointon,10/10/2003,stointon1h@studiopress.com,8877448100,0387 Charing Cross Lane,Apt 55,Oula Xiuma,,,China
Laurel,Toma,2/1/2004,ltoma1i@reverbnation.com,6569827073,5 Jenna Drive,Apt 1569,Mao,,11508,Dominican Republic
Loraine,Lum,3/17/2003,llum1j@instagram.com,1194394043,2 Carey Alley,19th Floor,Comodoro Rivadavia,,9000,Argentina
Eolande,Elion,4/4/2002,eelion1k@house.gov,7293230216,3 Hazelcrest Court,Apt 1901,Chwaszczyno,,80-209,Poland
Kimmie,Mityashev,11/3/2003,kmityashev1l@last.fm,8725621610,6992 Loeprich Pass,Room 768,Hyesan-si,,,North Korea
Hedi,Fanner,3/27/2002,hfanner1m@aboutads.info,7221854984,05135 Hansons Road,Apt 153,Thung Khru,,10140,Thailand
Abbey,Repper,2/14/2004,arepper1n@google.com,8951989123,7183 Lakeland Place,PO Box 59998,Yangdi,,,China
Roxine,Elcomb,8/26/2003,relcomb1o@odnoklassniki.ru,8448568702,4860 Alpine Way,PO Box 20759,Toumodi,,,Ivory Coast
Melvyn,Armiger,1/29/2004,marmiger1p@google.co.uk,2025635130,93692 Paget Road,PO Box 51097,Huangqi,,,China
Rayner,Brasner,9/26/2003,rbrasner1q@nasa.gov,4839427683,8 Golf View Alley,Apt 1201,Paghmān,,,Afghanistan
Percy,De Francisci,8/11/2002,pdefrancisci1r@walmart.com,8848818967,2 Johnson Pass,PO Box 89639,Konstancin-Jeziorna,,05-520,Poland
Livvie,Keyhoe,8/31/2003,lkeyhoe1s@so-net.ne.jp,9171409079,5 Farragut Place,Room 1219,Ensanche Luperón,,11806,Dominican Republic
Becca,Clayill,12/4/2002,bclayill1t@washingtonpost.com,3006967243,21 Blue Bill Park Junction,PO Box 38104,Rosario del Ingre,,,Bolivia
Morgana,Cuel,1/18/2003,mcuel1u@goodreads.com,4232649090,7 Bellgrove Lane,PO Box 46823,Gaoqiao,,,China
Lucie,Borzone,7/14/2002,lborzone1v@hp.com,3146216891,34 Memorial Parkway,Suite 46,Umeå,AC,905 92,Sweden
Bendicty,Sylvaine,7/22/2003,bsylvaine1w@dropbox.com,7656000062,459 Doe Crossing Street,PO Box 93470,Thionville,B2,57119,France
Jone,Reddy,6/13/2003,jreddy1x@hostgator.com,8748808910,2532 Grayhawk Street,PO Box 27038,Corticeiro de Baixo,6,3070-635,Portugal
Concettina,Licciardi,8/17/2003,clicciardi1y@barnesandnoble.com,9357917909,530 Northfield Trail,PO Box 66674,Jamaica,NY,11407,United States
Cecil,Comberbach,5/25/2003,ccomberbach1z@google.co.uk,5218865814,00870 Melvin Drive,PO Box 59808,Gelgaudiškis,,71085,Lithuania
Flynn,Hesey,2/11/2004,fhesey20@newsvine.com,3907341428,25 Old Shore Way,Suite 79,Hongsihu,,,China
Hiram,Glayzer,12/27/2003,hglayzer21@mysql.com,6471684410,3040 Pond Place,Room 639,Primero de Enero,,,Cuba
Eden,Sprosson,2/22/2003,esprosson22@instagram.com,6097220650,53 Columbus Street,Suite 72,Kagoshima-shi,,892-0873,Japan
Essy,Grabeham,2/13/2004,egrabeham23@usgs.gov,7429057312,1651 Sutherland Terrace,13th Floor,Kayunga,,,Uganda
Courtney,Emms,3/27/2003,cemms24@theglobeandmail.com,5287315295,687 South Pass,PO Box 92231,Dera Murād Jamāli,,49090,Pakistan
Trixi,Spitell,12/15/2002,tspitell25@fotki.com,5212322326,840 Johnson Park,16th Floor,Yujing,,,China
Dela,Wooster,12/28/2002,dwooster26@tuttocitta.it,1912007837,395 Dovetail Hill,Apt 14,Jarigue,,9407,Philippines
Abbe,Guslon,8/15/2002,aguslon27@google.com.br,2222894053,394 Lighthouse Bay Alley,Suite 88,Borino,,4824,Bulgaria
Padraic,Constant,3/5/2004,pconstant28@europa.eu,2317168472,9407 Hagan Parkway,8th Floor,Jaga,,,Indonesia
Viv,Smeal,3/14/2004,vsmeal29@newsvine.com,1211226084,64048 Everett Way,15th Floor,Yala,,95000,Thailand
Gardiner,Saw,9/16/2002,gsaw2a@desdev.cn,7358078460,0 Hoard Alley,Room 1072,Boston,MA,2114,United States
Ebenezer,Sharples,4/10/2002,esharples2b@pen.io,1823286017,58577 Kenwood Pass,Apt 634,Glatik,,,Indonesia
Lenee,Grealy,8/19/2002,lgrealy2c@shinystat.com,5565395789,7345 Garrison Drive,Suite 67,Los Angeles,CA,90010,United States
Demetrius,Pettus,2/13/2004,dpettus2d@cnbc.com,9014915529,4020 Bay Alley,PO Box 73516,Xiaolou,,,China
Katrina,Chatburn,6/15/2002,kchatburn2e@netvibes.com,3709459675,536 Prairie Rose Circle,PO Box 31598,Åstorp,M,265 40,Sweden
Lotta,Durant,7/10/2002,ldurant2f@loc.gov,6438065452,26512 Talmadge Terrace,PO Box 58972,Cartagena del Chairá,,183027,Colombia
Hewie,Mainston,7/5/2003,hmainston2g@mediafire.com,1443950795,212 Lyons Junction,PO Box 68518,Kolo,,,Indonesia
Mollee,Truin,3/11/2003,mtruin2h@amazon.com,3867976592,1410 Twin Pines Avenue,Apt 1265,Independencia,COA,30815,Mexico
Court,Pointin,10/6/2003,cpointin2i@zdnet.com,4551842723,0 Nevada Avenue,Room 1658,Sebadelhe,9,5155-05,Portugal
Julie,Leverage,1/8/2003,jleverage2j@cnn.com,2577678093,028 Schiller Circle,Suite 61,Lyudinovo,,249406,Russia
Kissee,Rief,2/18/2004,krief2k@cpanel.net,5373517719,9672 Declaration Center,20th Floor,Shalinskoye,,663510,Russia
Ernesto,Paulazzi,12/31/2002,epaulazzi2l@umich.edu,5989042305,5 Spenser Point,3rd Floor,New York City,NY,10170,United States
Juliet,Nibley,8/15/2002,jnibley2m@aol.com,1387631468,84 Karstens Center,3rd Floor,Mercedes,,6808,Philippines
Harwilll,Schwandner,2/18/2003,hschwandner2n@paypal.com,5857138255,1 Mcguire Lane,Apt 959,Chugur,,,Peru
Waylon,Linacre,9/30/2003,wlinacre2o@google.com.br,7516643057,995 Talmadge Terrace,3rd Floor,Tupambaé,,,Uruguay
Hilliary,Astley,7/3/2003,hastley2p@auda.org.au,8685163354,10 Thompson Plaza,Apt 248,Khust,,,Ukraine
Ronna,Lergan,7/19/2003,rlergan2q@dmoz.org,9676085028,91 Kensington Avenue,PO Box 76300,Ḩawsh ‘Īsá,,,Egypt
Idalina,Dudden,1/14/2004,idudden2r@hugedomains.com,8458678635,837 Grayhawk Circle,Room 846,Leeuwarden,2,8934,Netherlands
